{
  "_format": "hh-sol-cache-2",
  "files": {
    "/Users/nikilnair/Desktop/exchange/contract/contracts/Transactions.sol": {
      "lastModificationDate": 1646720792097,
      "contentHash": "b2893d3ed22a0ff2f94bd59450031215",
      "sourceName": "contracts/Transactions.sol",
      "solcConfig": {
        "version": "0.8.4",
        "settings": {
          "optimizer": {
            "enabled": false,
            "runs": 200
          },
          "outputSelection": {
            "*": {
              "*": [
                "abi",
                "evm.bytecode",
                "evm.deployedBytecode",
                "evm.methodIdentifiers",
                "metadata"
              ],
              "": [
                "ast"
              ]
            }
          }
        }
      },
      "imports": [],
      "versionPragmas": [
        "^0.8.0"
      ],
      "artifacts": [
        "Transactions"
      ]
    }
  }
}
